{
	"serverPort": 1730,
	"userDefined": {
		"minimizeToTray": false,
		"trackNameTemplate": "%artist% - %title%",
		"playlistTrackNameTemplate": "%number% - %artist% - %title%",
		"albumTrackNameTemplate": "%number% - %title%",
		"albumNameTemplate": "%artist% - %album%",
		"artistImageTemplate": "Album Art",
		"coverImageTemplate": "folder",
		"createM3UFile": true,
		"createArtistFolder": true,
		"createAlbumFolder": false,
		"createCDFolder": false,
		"downloadLocation": "",
		"artworkSize": 1400,
		"hifi": false,
		"padtrck": false,
		"syncedlyrics": false,
		"numplaylistbyalbum": false,
		"chartsCountry": "Worldwide",
		"spotifyUser": "",
		"saveArtwork": false,
		"saveArtworkArtist": false,
		"logErrors": false,
		"logSearched": false,
		"queueConcurrency": 3,
		"multitagSeparator": ";",
		"maxBitrate": "3",
		"PNGcovers": false,
		"removeAlbumVersion": false,
		"dateFormat": "0",
		"paddingSize": "0",
		"dateFormatYear": "4",
		"fallbackBitrate": true,
		"saveFullArtists": false,
		"downloadSinglesAsTracks": true,
		"tags": {
			"title": true,
			"artist": true,
			"album": true,
			"cover": true,
			"trackNumber": true,
			"trackTotal": false,
			"discNumber": true,
			"discTotal": false,
			"albumArtist": true,
			"genre": true,
			"year": true,
			"date": true,
			"explicit": false,
			"isrc": true,
			"length": false,
			"barcode": false,
			"bpm": true,
			"replayGain": false,
			"publisher": true,
			"unsynchronisedLyrics": true,
			"copyright": false,
			"musicpublisher": false,
			"composer": false,
			"mixer": false,
			"author": false,
			"writer": false,
			"engineer": false,
			"producer": false
		}
	}
}
